insert into tbl_polling_station(id, code, name, address) values (1, '1', 'UDEA', 'Cl. 67 ##53-108, Medellín, Antioquia')
insert into tbl_polling_station(id, code, name, address) values (2, '2', 'UNAL', 'Cra. 65 ## 59A - 110, Medellín, Antioquia')
insert into tbl_polling_station(id, code, name, address) values (3, '3', 'ATANASIO', 'COLOMBIA')
insert into tbl_polling_station(id, code, name, address) values (4, '4', 'COSFA', 'Cl. 37 #58-32, Bello, Antioquia')
insert into tbl_polling_station(id, code, name, address) values (5, '5', 'EAFIT', 'LAS VEGAS')

insert into tbl_STAND(id, code) values (1, '1')
insert into tbl_STAND(id, code) values (2, '2')
insert into tbl_STAND(id, code) values (3, '3')
insert into tbl_STAND(id, code) values (4, '4')
insert into tbl_STAND(id, code) values (5, '5')

insert into tbl_stand_per_station(id, stand_id, polling_station_id) values (1, 1, 1)
-- insert into tbl_stand_per_station(id, stand_id, polling_station_id) values (2, 2, 1)
-- insert into tbl_stand_per_station(id, stand_id, polling_station_id) values (3, 3, 1)
-- insert into tbl_stand_per_station(id, stand_id, polling_station_id) values (4, 4, 1)
-- insert into tbl_stand_per_station(id, stand_id, polling_station_id) values (5, 5, 1)

insert into tbl_stand_per_station(id, stand_id, polling_station_id) values (6, 1, 2)
insert into tbl_stand_per_station(id, stand_id, polling_station_id) values (7, 2, 2)
-- insert into tbl_stand_per_station(id, stand_id, polling_station_id) values (8, 3, 2)
-- insert into tbl_stand_per_station(id, stand_id, polling_station_id) values (9, 4, 2)
-- insert into tbl_stand_per_station(id, stand_id, polling_station_id) values (10, 5, 2)

insert into tbl_stand_per_station(id, stand_id, polling_station_id) values (11, 1, 3)
insert into tbl_stand_per_station(id, stand_id, polling_station_id) values (12, 2, 3)
insert into tbl_stand_per_station(id, stand_id, polling_station_id) values (13, 3, 3)
-- insert into tbl_stand_per_station(id, stand_id, polling_station_id) values (14, 4, 3)
-- insert into tbl_stand_per_station(id, stand_id, polling_station_id) values (15, 5, 3)

insert into tbl_stand_per_station(id, stand_id, polling_station_id) values (16, 1, 4)
insert into tbl_stand_per_station(id, stand_id, polling_station_id) values (17, 2, 4)
insert into tbl_stand_per_station(id, stand_id, polling_station_id) values (18, 3, 4)
insert into tbl_stand_per_station(id, stand_id, polling_station_id) values (19, 4, 4)
-- insert into tbl_stand_per_station(id, stand_id, polling_station_id) values (20, 5, 4)

insert into tbl_stand_per_station(id, stand_id, polling_station_id) values (21, 1, 5)
insert into tbl_stand_per_station(id, stand_id, polling_station_id) values (22, 2, 5)
insert into tbl_stand_per_station(id, stand_id, polling_station_id) values (23, 3, 5)
insert into tbl_stand_per_station(id, stand_id, polling_station_id) values (24, 4, 5)
insert into tbl_stand_per_station(id, stand_id, polling_station_id) values (25, 5, 5)